<?xml version="1.0"?>
<!--
/** Grid di xml
 * @author sagarppanchal@21062018
 */
-->
<config xmlns:xsi="http://www.w3.org/2001/XMLSchema-instance" xsi:noNamespaceSchemaLocation="urn:magento:framework:ObjectManager/etc/config.xsd">
    <preference for="Mobicommerce\Area\Api\Data\GridInterface" type="Mobicommerce\Area\Model\Grid" />

    <virtualType name="Mobicommerce\Area\Model\ResourceModel\Grid\Grid\Collection" type="Magento\Framework\View\Element\UiComponent\DataProvider\SearchResult">
        <arguments>
            <argument name="mainTable" xsi:type="string">mobicommerce_area_records</argument>
            <argument name="resourceModel" xsi:type="string">Mobicommerce\Area\Model\ResourceModel\Grid</argument>
        </arguments>
    </virtualType>
    <type name="Magento\Framework\View\Element\UiComponent\DataProvider\CollectionFactory">
        <arguments>
            <argument name="collections" xsi:type="array">
                <item name="grid_record_grid_list_data_source" xsi:type="string">Mobicommerce\Area\Model\ResourceModel\Grid\Grid\Collection</item>
            </argument>
        </arguments>
    </type>
    <type name="Mobicommerce\Area\Logger\Handler">
        <arguments>
            <argument name="filesystem" xsi:type="object">Magento\Framework\Filesystem\Driver\File</argument>
        </arguments>
    </type>
    <type name="Mobicommerce\Area\Logger\Logger">
        <arguments>
            <argument name="name" xsi:type="string">customLogHandler</argument>
            <argument name="handlers"  xsi:type="array">
                <item name="system" xsi:type="object">Mobicommerce\Area\Logger\Handler</item>
            </argument>
        </arguments>
    </type>
</config>
